{
  "project_info": {
    "project_number": "615488106377",
    "firebase_url": "https://api-project-615488106377-default-rtdb.europe-west1.firebasedatabase.app",
    "project_id": "api-project-615488106377",
    "storage_bucket": "api-project-615488106377.appspot.com"
  },
  "client": [
    {
      "client_info": {
        "mobilesdk_app_id": "1:615488106377:android:6d1c7b688a21f8a107bb58",
        "android_client_info": {
          "package_name": "com.example.gymscape"
        }
      },
      "oauth_client": [
        {
          "client_id": "615488106377-icbd1ua01ccbmhp2g4mlckt24ndm0dtm.apps.googleusercontent.com",
          "client_type": 3
        }
      ],
      "api_key": [
        {
          "current_key": "AIzaSyDbChW4owFIizJbCANU8536h0NdkjjhKIs"
        }
      ],
      "services": {
        "appinvite_service": {
          "other_platform_oauth_client": [
            {
              "client_id": "615488106377-icbd1ua01ccbmhp2g4mlckt24ndm0dtm.apps.googleusercontent.com",
              "client_type": 3
            }
          ]
        }
      }
    }
  ],
  "configuration_version": "1"
}